名称,リンク
パン教室　azupalaoa,/shop/00000348903/
個別指導学院Hero's（ヒーローズ）　津田沼校,/shop/00000350970/
エニタイムフィットネスセンター　船橋本町通り店,/shop/00000352104/
飾り巻き寿司・練り切り出張教室　ちいさな幸せ,/shop/00000351301/
みのり学習塾,/shop/00000348997/
TAIKO-LAB　船橋（タイコラボ）,/shop/00000352276/
スポーツクラブエポック中山店,/shop/00000341182/
Fleur de you　（フルール　デ　ユウ）,/shop/00000352020/
（株）ファイナンシャルプランナーズ花園　船橋営業所,/shop/00000351450/
今茶華道教室,/shop/00000351146/
TCカラーセラピー　カラーリーディングAngelica（アンジェリカ）,/shop/00000351505/
PILATES body ＆ mind北習志野（ピラティス　ボディアンド　マインド）,/shop/00000351345/
虹の響,/shop/00000351199/
美Body・美筋トレーニング　cocopro（ココプロ）,/shop/00000350996/
姉崎キックボクシングジム,/shop/00000350468/
Cure of the Fragrance～香りの癒し～（キュア　オブ　ザ　フレグランス）,/shop/00000350482/
瀬戸ピアノ・リトミックルーム,/shop/00000346413/
ピアノ・カフェ　CANCION 鳥居音楽教室,/shop/00000346168/
トライプラス　大神宮下校,/shop/00000345378/
ベネッセこども英語　上山町2丁目（春山）教室,/shop/00000348782/
E-Life　International　School,/shop/00000344149/
船橋市認証保育所　ラブキッズ,/shop/00000340869/
ポリシー　エステティック　カレッジ,/shop/00000019523/
保育ルーム　サンライズ船橋,/shop/00000019425/
国際空手道連盟　極真会館　千葉県北支部　北習志野道場,/shop/00000316758/
金田ワールドスイミングクラブ船橋,/shop/00000013075/
ポーセラーツサロンシュセット（Porcelarts Salon Sucette）,/shop/00000349935/
ランドボクシングジム,/shop/00000342408/
Sumireyoga  ママへのヨガレッスン,/shop/00000351410/
きらく庵,/shop/00000343497/
船橋市スポーツダンス協会,/shop/00000348873/
Peace　書道教室,/shop/00000345187/
Maison de Fleurage 　～メゾンドフロラージュ～,/shop/00000300640/
エツコBGDスタジオ　船橋スタジオ,/shop/00000348902/
いけばな小原流,/shop/00000350399/
Salon de Fleur K,/shop/00000350496/
NPO法人　ふなばし演劇鑑賞会,/shop/00000349801/
音楽空間SOLA,/shop/00000348513/
yuruyoga studio,/shop/00000348385/
樂～GAKU,/shop/00000341114/
